company_name,website_url,website_type,blacklisted
Point72,https://boards.greenhouse.io/point72,Greenhouse,False
Philo,https://boards.greenhouse.io/philo,Greenhouse,False
Airtable,https://boards.greenhouse.io/airtable,Greenhouse,False
Altera Digital Health Inc. United States,https://boards.greenhouse.io/alteradigitalhealth,Greenhouse,False
Alto Pharmacy,https://boards.greenhouse.io/alto,Greenhouse,False
ApolloIO,https://boards.greenhouse.io/apolloio,Greenhouse,False
AppLovin,https://boards.greenhouse.io/applovin,Greenhouse,False
Aquatic Capital,https://boards.greenhouse.io/aquaticcapitalmanagement,Greenhouse,False
Arcadia,https://boards.greenhouse.io/arcadiacareers,Greenhouse,False
Ascend Analytics,https://boards.greenhouse.io/ascendanalytics,Greenhouse,False
Atome Financial,https://boards.greenhouse.io/atome,Greenhouse,False
Axios,https://boards.greenhouse.io/axios,Greenhouse,False
BlastPoint,https://boards.greenhouse.io/blastpoint,Greenhouse,False
Blink Health,https://boards.greenhouse.io/blinkhealth,Greenhouse,False
Blue Rose Research,https://boards.greenhouse.io/blueroseresearch,Greenhouse,False
Blueground,https://boards.greenhouse.io/blueground,Greenhouse,False
Bottomline Technologies,https://boards.greenhouse.io/bottomlinetechnologies,Greenhouse,False
BrainStation,https://boards.greenhouse.io/brainstation,Greenhouse,False
Buyers Edge,https://boards.greenhouse.io/buyersedgeplatformrecruiting,Greenhouse,False
Canonical,https://boards.greenhouse.io/canonical,Greenhouse,False
Canonical,https://boards.greenhouse.io/canonicaljobs,Greenhouse,False
Capco,https://boards.greenhouse.io/capco,Greenhouse,False
CaseText,https://boards.greenhouse.io/casetext,Greenhouse,False
Chalk,https://boards.greenhouse.io/chalkinc,Greenhouse,False
Cityblock Health,https://boards.greenhouse.io/cityblockhealth,Greenhouse,False
Clearmatics,https://boards.greenhouse.io/clearmatics,Greenhouse,False
ClickUp,https://boards.greenhouse.io/clickup,Greenhouse,False
Cloudflare,https://boards.greenhouse.io/cloudflare,Greenhouse,False
CloudSEK,https://boards.greenhouse.io/cloudsek,Greenhouse,False
ComparaJá,https://boards.greenhouse.io/comparaja,Greenhouse,False
Contentive,https://boards.greenhouse.io/contentive,Greenhouse,False
Crystal Blockchain,https://boards.greenhouse.io/crystal,Greenhouse,False
Darktrace,https://boards.greenhouse.io/darktracelimited,Greenhouse,False
DataCamp,https://boards.greenhouse.io/datacamp,Greenhouse,False
Davidson Kempner,https://boards.greenhouse.io/0f997656565575588669707vhvbhvcg7799988866858785cf0ab2d4976364934a33bdee24ad3badded8aac79eace643fa5c205d150001,Greenhouse,False
Designit,https://boards.greenhouse.io/designitnorthamerica,Greenhouse,False
Diligent Corporation,https://boards.greenhouse.io/diligentcorporation,Greenhouse,False
Doctolib,https://boards.greenhouse.io/doctolib,Greenhouse,False
eFishery,https://boards.greenhouse.io/efishery,Greenhouse,False
Findanomaly,https://boards.greenhouse.io/findanomaly,Greenhouse,False
Fivesky,https://boards.greenhouse.io/fivesky,Greenhouse,False
Flo Health,https://boards.greenhouse.io/flohealth,Greenhouse,False
Flowcode,https://boards.greenhouse.io/flowcode,Greenhouse,False
Foodpanda Singapore,https://boards.greenhouse.io/foodpandasingapore,Greenhouse,False
Fortune,https://boards.greenhouse.io/fortune,Greenhouse,False
Freenow,https://boards.greenhouse.io/freenow,Greenhouse,False
Further,https://boards.greenhouse.io/searchdiscovery,Greenhouse,False
Garda Capital,https://boards.greenhouse.io/gardacp,Greenhouse,False
Glassdoor,https://boards.greenhouse.io/glassdoor,Greenhouse,False
Global,https://boards.greenhouse.io/gainternstreetwise,Greenhouse,False
GoFundMe,https://boards.greenhouse.io/gofundme,Greenhouse,False
Graphcore,https://boards.greenhouse.io/graphcore,Greenhouse,False
Grindr,https://boards.greenhouse.io/grindr,Greenhouse,False
Grover,https://boards.greenhouse.io/grover,Greenhouse,False
Grow Therapy,https://boards.greenhouse.io/growtherapy,Greenhouse,False
Guidepoint Security,https://boards.greenhouse.io/guidepointsecurity,Greenhouse,False
Harris Associates,https://boards.greenhouse.io/harrisassociates,Greenhouse,False
Imprint,https://boards.greenhouse.io/imprint,Greenhouse,False
Innovior,https://boards.greenhouse.io/innovior,Greenhouse,False
Interactive Brokers External,https://boards.greenhouse.io/ibkrexternal,Greenhouse,False
Interactive Brokers,https://boards.greenhouse.io/ibkr,Greenhouse,False
Launchpad Technologies,https://boards.greenhouse.io/launchpadtechnologiesinc,Greenhouse,False
Lirio,https://boards.greenhouse.io/lirio,Greenhouse,False
Memora Health,https://boards.greenhouse.io/memorahealth,Greenhouse,False
Messari,https://boards.greenhouse.io/messari,Greenhouse,False
MongoDB,https://boards.greenhouse.io/embed,Greenhouse,False
Monzo,https://boards.greenhouse.io/monzo,Greenhouse,False
Nomiso,https://boards.greenhouse.io/nomiso,Greenhouse,False
Notion,https://boards.greenhouse.io/notion,Greenhouse,False
Nubank,https://boards.greenhouse.io/nubank,Greenhouse,False
Affirm,https://boards.greenhouse.io/affirm,Greenhouse,False
Deliveroo,https://boards.greenhouse.io/deliveroo,Greenhouse,False
Figma,https://boards.greenhouse.io/figma,Greenhouse,False
Myntra,https://boards.greenhouse.io/myntra,Greenhouse,False
Twitch,https://boards.greenhouse.io/twitch,Greenhouse,False
CommerceIQ,https://boards.greenhouse.io/commerceiq,Greenhouse,False
OANDA,https://boards.greenhouse.io/oanda,Greenhouse,False
OKX,https://boards.greenhouse.io/okx,Greenhouse,False
Omnipresent,https://boards.greenhouse.io/omnipresent,Greenhouse,False
OpenTable,https://boards.greenhouse.io/opentable,Greenhouse,False
OpenTeams,https://boards.greenhouse.io/openteams,Greenhouse,False
Palta,https://boards.greenhouse.io/paltaltd,Greenhouse,False
Phaidra,https://boards.greenhouse.io/phaidra,Greenhouse,False
Pine Gate Renewables,https://boards.greenhouse.io/pinegaterenewables,Greenhouse,False
ProCogia,https://boards.greenhouse.io/procogia,Greenhouse,False
Recurrency,https://boards.greenhouse.io/recurrency,Greenhouse,False
Remotasks,https://boards.greenhouse.io/remotasks,Greenhouse,False
Remote,https://boards.greenhouse.io/remotecom,Greenhouse,False
Reorg,https://boards.greenhouse.io/reorg,Greenhouse,False
Revel Systems,https://boards.greenhouse.io/revelsystems,Greenhouse,False
Rhythm Energy,https://boards.greenhouse.io/rhythmenergy,Greenhouse,False
Robinhood,https://boards.greenhouse.io/robinhood,Greenhouse,False
RunwayML,https://boards.greenhouse.io/runwayml,Greenhouse,False
Schonfeld,https://boards.greenhouse.io/schonfeld,Greenhouse,False
Scuba,https://boards.greenhouse.io/scuba,Greenhouse,False
Seamless.AI,https://boards.greenhouse.io/seamlessai,Greenhouse,False
Sigma Computing,https://boards.greenhouse.io/sigmacomputing,Greenhouse,False
Signifyd,https://boards.greenhouse.io/signifyd95,Greenhouse,False
SingleStore,https://boards.greenhouse.io/singlestore,Greenhouse,False
SonyInteractiveEntertainmentGlobal,https://boards.greenhouse.io/sonyinteractiveentertainmentglobal,Greenhouse,False
Splice,https://boards.greenhouse.io/splice,Greenhouse,False
StackCommerce,https://boards.greenhouse.io/stackcommerce,Greenhouse,False
Summer,https://boards.greenhouse.io/summer,Greenhouse,False
Superblocks,https://boards.greenhouse.io/superblocks,Greenhouse,False
Swish Analytics,https://boards.greenhouse.io/swishanalytics,Greenhouse,False
Tailscale,https://boards.greenhouse.io/tailscale,Greenhouse,False
TCP Software,https://boards.greenhouse.io/tcpsoftware,Greenhouse,False
Telnyx,https://boards.greenhouse.io/telnyx54,Greenhouse,False
Tempus,https://boards.greenhouse.io/tempus,Greenhouse,False
Terray Therapeutics,https://boards.greenhouse.io/terraytherapeutics,Greenhouse,False
Tessera Therapeutics,https://boards.greenhouse.io/tesseratherapeutics,Greenhouse,False
The Room,https://boards.greenhouse.io/theroom,Greenhouse,False
ThreeFlow,https://boards.greenhouse.io/threeflow,Greenhouse,False
TurnKey Lender Inc.,https://boards.greenhouse.io/turnkeylenderinc,Greenhouse,False
Valera Health,https://boards.greenhouse.io/valerahealth,Greenhouse,False
Valor Equity,https://boards.greenhouse.io/valorequitypartners,Greenhouse,False
Vatic Investments,https://boards.greenhouse.io/vaticlabs,Greenhouse,False
Vee,https://boards.greenhouse.io/veesearch,Greenhouse,False
Verantos,https://boards.greenhouse.io/verantos,Greenhouse,False
Verra Mobility,https://boards.greenhouse.io/verramobility,Greenhouse,False
Wargaming,https://boards.greenhouse.io/wargamingen,Greenhouse,False
WeWork,https://boards.greenhouse.io/wework,Greenhouse,False
WeWork,https://boards.greenhouse.io/weworklatam,Greenhouse,False
Wiley Edge Recruiting Portal,https://boards.greenhouse.io/wileyedgerecruitingportal,Greenhouse,False
Wise,https://boards.greenhouse.io/transferwise,Greenhouse,False
Workato,https://boards.greenhouse.io/workato,Greenhouse,False
Wurl LLC,https://boards.greenhouse.io/wurl,Greenhouse,False
Xapo61,https://boards.greenhouse.io/xapo61,Greenhouse,False
Xebia,https://boards.greenhouse.io/xgs,Greenhouse,False
Xendit,https://boards.greenhouse.io/xendit,Greenhouse,False
XO Health Inc.,https://boards.greenhouse.io/xohealthinc,Greenhouse,False
YipitData (Alternative),https://boards.greenhouse.io/yipitdatajobs,Greenhouse,False
YipitData (Primary),https://boards.greenhouse.io/yipitdata,Greenhouse,False
Zelus Analytics,https://boards.greenhouse.io/zelusanalytics,Greenhouse,False
Zenoti,https://boards.greenhouse.io/zenoti,Greenhouse,False
Zing,https://boards.greenhouse.io/zing,Greenhouse,False
Zscaler,https://boards.greenhouse.io/zscaler,Greenhouse,False
Skylight,https://boards.greenhouse.io/skylighthq,Greenhouse,True
1-800 Contacts,https://boards.greenhouse.io/1800contacts,Greenhouse,False
10x Genomics,https://boards.greenhouse.io/10xgenomics,Greenhouse,False
2U,https://boards.greenhouse.io/2u,Greenhouse,False
84.51°,https://boards.greenhouse.io/8451,Greenhouse,False
AbleTo Inc.,https://boards.greenhouse.io/thirdpartyjobboard,Greenhouse,False
AbleTo,https://boards.greenhouse.io/ableto,Greenhouse,False
Able,https://boards.greenhouse.io/able,Greenhouse,False
Access Holdings,https://boards.greenhouse.io/accessholdingsmanagementfirm,Greenhouse,False
accesso,https://boards.greenhouse.io/accesso,Greenhouse,False
Acorns,https://boards.greenhouse.io/acorns,Greenhouse,False
Acrisure Innovation,https://boards.greenhouse.io/acrisureinnovation,Greenhouse,False
Scale AI,https://boards.greenhouse.io/scaleai,Greenhouse,False
Twilio,https://boards.greenhouse.io/twilio,Greenhouse,False
OpenAI,https://boards.greenhouse.io/openai,Greenhouse,False
Reddit,https://boards.greenhouse.io/reddit,Greenhouse,False
Acrisure Technology Group,https://boards.greenhouse.io/atg,Greenhouse,False
ActionIQ,https://boards.greenhouse.io/actioniq,Greenhouse,False
Acumen's team,https://boards.greenhouse.io/acumen,Greenhouse,False
Ad Hoc Team,https://boards.greenhouse.io/adhocexternal,Greenhouse,False
Airbyte,https://boards.greenhouse.io/airbyte,Greenhouse,False
Algolia,https://boards.greenhouse.io/algolia,Greenhouse,False
Allergan Data Labs,https://boards.greenhouse.io/allergandatalabs,Greenhouse,False
Arcellx,https://boards.greenhouse.io/arcellx,Greenhouse,False
Articulate,https://boards.greenhouse.io/articulate,Greenhouse,False
Artie,https://boards.greenhouse.io/artie,Greenhouse,False
ASG,https://boards.greenhouse.io/asg,Greenhouse,False
BDA,https://boards.greenhouse.io/bdainc,Greenhouse,False
Bit Reactor,https://boards.greenhouse.io/bitreactor,Greenhouse,False
Bridgewater Associates,https://boards.greenhouse.io/bwaltpostings,Greenhouse,False
Bright Health,https://boards.greenhouse.io/brighthealthgroup,Greenhouse,False
Buildout,https://boards.greenhouse.io/buildout,Greenhouse,False
Campus Opportunities,https://boards.greenhouse.io/campusopportunities,Greenhouse,False
Career TEAM,https://boards.greenhouse.io/careerteam,Greenhouse,False
Chapter,https://boards.greenhouse.io/chapter,Greenhouse,False
Chewy Fulfillment,https://boards.greenhouse.io/fulfillment,Greenhouse,False
Clearway Energy,https://boards.greenhouse.io/clearwayjobs,Greenhouse,False
Clerkie,https://boards.greenhouse.io/clerkie,Greenhouse,False
Clipboard Health,https://boards.greenhouse.io/clipboardhealth,Greenhouse,False
Coalition,https://boards.greenhouse.io/coalition,Greenhouse,False
Crunchbase,https://boards.greenhouse.io/crunchbase,Greenhouse,False
edmentum,https://boards.greenhouse.io/edmentum,Greenhouse,False
Eridan,https://boards.greenhouse.io/eridan,Greenhouse,False
Exabeam,https://boards.greenhouse.io/exabeam,Greenhouse,False
ezCater Inc,https://boards.greenhouse.io/ezcaterinc,Greenhouse,False
Fetch,https://boards.greenhouse.io/fetchrewards,Greenhouse,False
Files.com,https://boards.greenhouse.io/filescom,Greenhouse,False
First Global Management Services Inc.,https://boards.greenhouse.io/firstglobalmanagementservicesinc,Greenhouse,False
Forage,https://boards.greenhouse.io/joinforage,Greenhouse,False
Freeform,https://boards.greenhouse.io/freeformfuturecorp,Greenhouse,False
GoGuardian,https://boards.greenhouse.io/goguardian,Greenhouse,False
Hibu,https://boards.greenhouse.io/hibu,Greenhouse,False
hims & hers,https://boards.greenhouse.io/himshers,Greenhouse,False
HiTech Division,https://boards.greenhouse.io/nhbbhitech,Greenhouse,False
InCharge Energy,https://boards.greenhouse.io/inchargeenergy,Greenhouse,False
Inspire11,https://boards.greenhouse.io/inspire11,Greenhouse,False
interbrand,https://boards.greenhouse.io/interbrand,Greenhouse,False
invisibletech,https://boards.greenhouse.io/invisibletech,Greenhouse,False
Iterative Health,https://boards.greenhouse.io/iterativehealth,Greenhouse,False
JD Sports,https://boards.greenhouse.io/jdsports,Greenhouse,False
KeyMe,https://boards.greenhouse.io/keyme,Greenhouse,False
Kimball Equipment Company,https://boards.greenhouse.io/kimballequipmentcompany,Greenhouse,False
Kinetic,https://boards.greenhouse.io/kinetic,Greenhouse,False
Lexion,https://boards.greenhouse.io/lexion,Greenhouse,False
Luminar,https://boards.greenhouse.io/luminar,Greenhouse,False
Lydech Thermal Acoustic Solutions (TAS),https://boards.greenhouse.io/lydalltas,Greenhouse,False
Lynx Analytics,https://boards.greenhouse.io/lynxanalytics,Greenhouse,False
Magic,https://boards.greenhouse.io/magic,Greenhouse,False
MERGE,https://boards.greenhouse.io/mergeworld,Greenhouse,False
Mural,https://boards.greenhouse.io/mural,Greenhouse,False
Nerdery,https://boards.greenhouse.io/nerdery,Greenhouse,False
NPR,https://boards.greenhouse.io/nationalpublicradioinc,Greenhouse,False
OLIVER,https://boards.greenhouse.io/oliver,Greenhouse,False
OnePath Managed Services,https://boards.greenhouse.io/onepath,Greenhouse,False
OneTrust,https://boards.greenhouse.io/onetrust,Greenhouse,False
Optimal Dynamics,https://boards.greenhouse.io/optimaldynamics,Greenhouse,False
Outlier.org,https://boards.greenhouse.io/outlierorg,Greenhouse,False
Pathward N.A.,https://boards.greenhouse.io/pathward,Greenhouse,False
Pendo,https://boards.greenhouse.io/pendo,Greenhouse,False
Pitch,https://boards.greenhouse.io/pitch,Greenhouse,False
Plus Power,https://boards.greenhouse.io/pluspower,Greenhouse,False
Rhino,https://boards.greenhouse.io/rhino,Greenhouse,False
Rocket Lab USA,https://boards.greenhouse.io/rocketlab,Greenhouse,False
Rockstar Internships & New Grad Roles,https://boards.greenhouse.io/rockstarinternships,Greenhouse,False
RudderStack,https://boards.greenhouse.io/rudderstack,Greenhouse,False
Sagard,https://boards.greenhouse.io/sagardcareers,Greenhouse,False
Samsung Semiconductor,https://boards.greenhouse.io/samsungsemiconductor,Greenhouse,False
Seattle Sounders FC,https://boards.greenhouse.io/seattlesoundersfc,Greenhouse,False
ExodusPoint,https://boards.greenhouse.io/exoduspoint,Greenhouse,False
Gotion Inc.,https://boards.greenhouse.io/gotion,Greenhouse,False
Legion,https://boards.greenhouse.io/legion,Greenhouse,False
bswift,https://boards.greenhouse.io/bswift,Greenhouse,False
Epic Games,https://boards.greenhouse.io/epicgames,Greenhouse,False
Second Spectrum,https://boards.greenhouse.io/secondspectrum,Greenhouse,False
SpaceX,https://boards.greenhouse.io/spacex,Greenhouse,False
Spur Jobs,https://boards.greenhouse.io/featuredjobs,Greenhouse,False
TAE Power Solutions,https://boards.greenhouse.io/taepwm,Greenhouse,False
TAIT Towers,https://boards.greenhouse.io/taittowers,Greenhouse,False
Taskrabbit,https://boards.greenhouse.io/taskrabbit,Greenhouse,False
Three Ships,https://boards.greenhouse.io/threeships,Greenhouse,False
Trail of Bits,https://boards.greenhouse.io/trailofbits,Greenhouse,False
Triumph Tech,https://boards.greenhouse.io/triumphtech,Greenhouse,False
Turtle Rock Studios,https://boards.greenhouse.io/turtlerockstudios,Greenhouse,False
Two Six Technologies,https://boards.greenhouse.io/twosixtechnologies,Greenhouse,False
Udacity,https://boards.greenhouse.io/udacity,Greenhouse,False
Upwork,https://boards.greenhouse.io/upwork,Greenhouse,False
Varsity Tutors,https://boards.greenhouse.io/varsitytutors,Greenhouse,False
WelbeHealth,https://boards.greenhouse.io/welbehealth,Greenhouse,False
Wight & Company,https://boards.greenhouse.io/wight,Greenhouse,False
WillowTree,https://boards.greenhouse.io/willowtree,Greenhouse,False
WITHIN,https://boards.greenhouse.io/agencywithin,Greenhouse,False
Wizards of the Coast,https://boards.greenhouse.io/wizardsofthecoast,Greenhouse,False
Accruent,https://boards.greenhouse.io/accruenthq,Greenhouse,False
Adyen,https://boards.greenhouse.io/adyen,Greenhouse,False
Airbnb,https://boards.greenhouse.io/embed/job_board?for=airbnb,Greenhouse,False
Alma,https://boards.greenhouse.io/alma,Greenhouse,False
Alo Yoga,https://boards.greenhouse.io/aloyoga,Greenhouse,False
Alto Pharmacy,https://www.alto.com/careers,Greenhouse,False
Aperia,https://boards.greenhouse.io/aperiasolutions,Greenhouse,False
Applied Data Finance,https://careers.smartrecruiters.com/AppliedDataFinance,SmartRecruiters,False
Arista Networks,https://careers.smartrecruiters.com/aristanetworks,SmartRecruiters,False
Assembly OSM Inc.,https://boards.greenhouse.io/assemblyosminc,Greenhouse,False
Believe,https://careers.smartrecruiters.com/Believe,SmartRecruiters,False
Abode Communities,https://careers.smartrecruiters.com/AbodeCommunities,SmartRecruiters,False
BETSOL,https://careers.smartrecruiters.com/Betsol,SmartRecruiters,False
BeVera Solutions,https://careers.smartrecruiters.com/BeVeraSolutions,SmartRecruiters,False
Beyond Finance,https://boards.greenhouse.io/beyondfinance,Greenhouse,False
BillionToOne,https://boards.greenhouse.io/billiontoone,Greenhouse,False
Blend360,https://careers.smartrecruiters.com/Blend360,SmartRecruiters,False
Bosch Group,https://careers.smartrecruiters.com/BoschGroup,SmartRecruiters,False
Box,https://boards.greenhouse.io/boxinc,Greenhouse,False
Brightspeed,https://careers.smartrecruiters.com/Brightspeed,SmartRecruiters,False
Careem,https://boards.greenhouse.io/careem,Greenhouse,False
Celonis,https://boards.greenhouse.io/celonis,Greenhouse,False
CERN,https://careers.smartrecruiters.com/CERN,SmartRecruiters,False
Chuze Fitness,https://careers.smartrecruiters.com/ChuzeFitness,SmartRecruiters,False
City and County of San Francisco,https://careers.smartrecruiters.com/CityAndCountyOfSanFrancisco1,SmartRecruiters,False
CloudOps,https://www.cloudops.com/careers/,Greenhouse,False
ConfigureTek,https://careers.smartrecruiters.com/ConfigureTek,SmartRecruiters,False
Crafty,https://boards.greenhouse.io/crafty,Greenhouse,False
Crocs Inc. Global Jobs,https://boards.greenhouse.io/crocsglobaljobs,Greenhouse,False
Cruise,https://getcruise.com/careers/,Greenhouse,True
Cruise,https://boards.greenhouse.io/cruiseuniversity,Greenhouse,False
Cruise Carreras,https://careers.smartrecruiters.com/cruisecarreras,SmartRecruiters,False
DECATHLON,https://careers.smartrecruiters.com/DECATHLON,SmartRecruiters,False
DEPT®,https://boards.greenhouse.io/dept,Greenhouse,False
Dexterra,https://careers.smartrecruiters.com/Dexterra,SmartRecruiters,False
Downing Capital Group,https://boards.greenhouse.io/downingcapitalgroup,Greenhouse,False
DRW,https://boards.greenhouse.io/drweng,Greenhouse,False
eBay,https://careers.smartrecruiters.com/eBay,SmartRecruiters,False
Edera,https://boards.greenhouse.io/edera,Greenhouse,False
EMCO Corporation,https://careers.smartrecruiters.com/EMCOCorporation,SmartRecruiters,False
Enterpret,https://boards.greenhouse.io/enterpret,Greenhouse,False
Experian,https://careers.smartrecruiters.com/Experian,SmartRecruiters,False
Faire,https://www.faire.com/careers/openings,Greenhouse,False
Fannie Mae,https://careers.smartrecruiters.com/FannieMae,SmartRecruiters,False
Fender,https://www.fender.com/pages/careers,Greenhouse,False
Forrest Johnson,https://careers.smartrecruiters.com/ForrestJohnson,SmartRecruiters,False
Fortune Brands,https://careers.smartrecruiters.com/FortuneBrands,SmartRecruiters,False
FREE RANGE GAMES,https://boards.greenhouse.io/frgjobs,Greenhouse,False
Freshworks,https://careers.smartrecruiters.com/Freshworks,SmartRecruiters,False
Gameloft,https://careers.smartrecruiters.com/Gameloft,SmartRecruiters,False
General Catalyst,https://boards.greenhouse.io/generalcatalyst,Greenhouse,False
Glean,https://boards.greenhouse.io/gleanwork,Greenhouse,False
Accesa & RaRo,https://careers.smartrecruiters.com/ACCESA,SmartRecruiters,False
GuidePoint Security,https://www.guidepointsecurity.com/careers/,Greenhouse,False
Harbinger Motors,https://boards.greenhouse.io/harbingermotors,Greenhouse,False
Hastee,https://careers.smartrecruiters.com/Hastee,SmartRecruiters,False
Higharc,https://boards.greenhouse.io/higharc,Greenhouse,False
Hitachi Solutions,https://careers.smartrecruiters.com/HitachiSolutions,SmartRecruiters,False
Hollywood Park,https://boards.greenhouse.io/hollywoodparksofistadium,Greenhouse,False
Homebase,https://boards.greenhouse.io/homebase,Greenhouse,False
IAG GBS,https://careers.smartrecruiters.com/IAGGBS1,SmartRecruiters,False
Instat Clinical Research,https://careers.smartrecruiters.com/InstatClinicalResearch,SmartRecruiters,False
Intecrowd,https://boards.greenhouse.io/intecrowd,Greenhouse,False
IPsoft Inc.,https://careers.smartrecruiters.com/IPsoftInc1,SmartRecruiters,False
ITW,https://careers.smartrecruiters.com/itw,SmartRecruiters,False
ITW,https://careers.smartrecruiters.com/ITW,SmartRecruiters,False
Jane Street,https://boards.greenhouse.io/janestreet,Greenhouse,False
KAYAK,https://boards.greenhouse.io/kayak,Greenhouse,False
KENTECH CONSULTING INC,https://careers.smartrecruiters.com/ekentech,SmartRecruiters,False
KOSTAL Group,https://careers.smartrecruiters.com/KOSTALGroup,SmartRecruiters,False
KSI Auto Parts,https://careers.smartrecruiters.com/KSIAutoParts,SmartRecruiters,False
LanceSoft Inc,https://careers.smartrecruiters.com/LanceSoftInc2,SmartRecruiters,False
League Inc.,https://boards.greenhouse.io/leagueinc,Greenhouse,False
Lingraphica,https://careers.smartrecruiters.com/Lingraphica,SmartRecruiters,False
Literably,https://careers.smartrecruiters.com/Literably,SmartRecruiters,False
Lokal,https://careers.smartrecruiters.com/Lokal,SmartRecruiters,False
Lower,https://lower-careers.webflow.io/#positions,Greenhouse,False
Manufactured,https://boards.greenhouse.io/manufactured,Greenhouse,False
Maven Clinic,https://boards.greenhouse.io/mavenclinic,Greenhouse,False
McDonald's Corporation,https://careers.smartrecruiters.com/McDonaldsCorporation,SmartRecruiters,False
MCPC,https://careers.smartrecruiters.com/MCPc,SmartRecruiters,False
Meta,https://careers.smartrecruiters.com/Meta1,SmartRecruiters,False
META4,https://careers.smartrecruiters.com/META4,SmartRecruiters,False
MetaMap,https://boards.greenhouse.io/metamap,Greenhouse,False
Metropolis,https://boards.greenhouse.io/metropolis,Greenhouse,False
Modulr,https://www.modulrfinance.com/careers,Greenhouse,False
Morguard,https://careers.smartrecruiters.com/Morguard,SmartRecruiters,False
Mural Consulting,https://careers.smartrecruiters.com/MuralConsulting,SmartRecruiters,False
Mystic Invest Holding S.A,https://careers.smartrecruiters.com/MysticInvestHoldingSA,SmartRecruiters,False
Nauticus Robotics,https://careers.smartrecruiters.com/NauticusRobotics,SmartRecruiters,False
NBCUniversal,https://careers.smartrecruiters.com/NBCUniversal3,SmartRecruiters,False
Netcompany,https://careers.smartrecruiters.com/Netcompany1,SmartRecruiters,False
Niantic,https://boards.greenhouse.io/niantic,Greenhouse,False
O-I,https://careers.smartrecruiters.com/O-I,SmartRecruiters,False
OLIVER+,https://boards.greenhouse.io/oliverplus,Greenhouse,False
Opendoor,https://boards.greenhouse.io/opendoor,Greenhouse,False
Optiv,https://careers.smartrecruiters.com/Optiv,SmartRecruiters,False
Ostro,https://boards.greenhouse.io/ostrohealth,Greenhouse,False
Pacaso,https://boards.greenhouse.io/pacaso,Greenhouse,False
Palantir,https://careers.smartrecruiters.com/Palantir,SmartRecruiters,False
Palo Alto Networks,https://careers.smartrecruiters.com/PaloAltoNetworks2,SmartRecruiters,False
PDT Partners,https://boards.greenhouse.io/pdtpartners,Greenhouse,False
PMG,https://boards.greenhouse.io/pmg,Greenhouse,False
Privia Health,https://careers.smartrecruiters.com/PriviaHealth,SmartRecruiters,False
Productiv Inc,https://boards.greenhouse.io/productiv,Greenhouse,False
Product School,https://boards.greenhouse.io/productschool,Greenhouse,False
Publicis Groupe,https://careers.smartrecruiters.com/PublicisGroupe,SmartRecruiters,False
Public Storage,https://careers.smartrecruiters.com/publicstorage,SmartRecruiters,False
Pure Storage,https://boards.greenhouse.io/purestorage,Greenhouse,False
PVM Inc.,https://boards.greenhouse.io/pvminc,Greenhouse,False
Quisitive,https://boards.greenhouse.io/quisitivejobs,Greenhouse,False
Renaissance,https://careers.smartrecruiters.com/Renaissance,SmartRecruiters,False
Roblox,https://boards.greenhouse.io/embed/job_board?for=roblox,Greenhouse,False
Rubrik Job Board,https://boards.greenhouse.io/embed/job_board?for=rubrik,Greenhouse,False
rue21,https://careers.smartrecruiters.com/rue21,SmartRecruiters,False
Samsara,https://www.samsara.com/company/careers/roles,Greenhouse,False
SAP XPERT,https://careers.smartrecruiters.com/SAPXPERT,SmartRecruiters,False
Sentry,https://boards.greenhouse.io/sentry,Greenhouse,False
ServiceNow,https://careers.smartrecruiters.com/ServiceNow,SmartRecruiters,False
Sezzle,https://boards.greenhouse.io/sezzle,Greenhouse,False
Shift4,https://boards.greenhouse.io/shift4,Greenhouse,False
Short Story,https://boards.greenhouse.io/shortstory,Greenhouse,False
GoodTime,https://boards.greenhouse.io/goodtime,Greenhouse,False
slice,https://careers.smartrecruiters.com/slice1,SmartRecruiters,False
SNAP Inc,https://careers.smartrecruiters.com/SNAPInc1,SmartRecruiters,False
Snap! Mobile Inc.,https://boards.greenhouse.io/snapmobileinc,Greenhouse,False
Snow Software,https://careers.smartrecruiters.com/SnowSoftware,SmartRecruiters,False
Solidigm,https://careers.smartrecruiters.com/Solidigm,SmartRecruiters,False
SOMFY Group,https://careers.smartrecruiters.com/somfygroup,SmartRecruiters,False
Sonic Automotive,https://careers.smartrecruiters.com/SonicAutomotive,SmartRecruiters,False
Sopra Steria,https://careers.smartrecruiters.com/SopraSteria1,SmartRecruiters,False
Square,https://careers.smartrecruiters.com/Square,SmartRecruiters,False
Sterling Ledet & Associates Inc.,https://careers.smartrecruiters.com/LedetTrainingCenters,SmartRecruiters,False
STR,https://boards.greenhouse.io/systemstechnologyresearch,Greenhouse,False
Stripe,https://boards.greenhouse.io/embed/job_board?for=stripe,Greenhouse,False
Stripes,https://boards.greenhouse.io/stripes,Greenhouse,False
Submittable,https://boards.greenhouse.io/submittable,Greenhouse,False
Summit Funding,https://careers.smartrecruiters.com/SummitFunding1,SmartRecruiters,False
TA Digital,https://boards.greenhouse.io/tadigitalusa,Greenhouse,False
TA Digital,https://boards.greenhouse.io/tadigitalindia,Greenhouse,False
TED Conferences LLC,https://careers.smartrecruiters.com/TEDConferencesLLC,SmartRecruiters,False
The Information,https://boards.greenhouse.io/theinformation,Greenhouse,False
The Matian Firm APC,https://boards.greenhouse.io/matianfirm,Greenhouse,False
The Wonderful Company,https://careers.smartrecruiters.com/TheWonderfulCompany,SmartRecruiters,False
Thoropass,https://boards.greenhouse.io/thoropass,Greenhouse,False
TMS LLC,https://careers.smartrecruiters.com/TMSLLC,SmartRecruiters,False
Trackonomy,https://trackonomysystems.com/career-details/,Greenhouse,False
Transitional Care Management,https://careers.smartrecruiters.com/TransitionalCareManagement,SmartRecruiters,False
Trupanion,https://careers.smartrecruiters.com/Trupanion1,SmartRecruiters,False
Turing,https://boards.greenhouse.io/turing,Greenhouse,False
Twelve,https://boards.greenhouse.io/twelve,Greenhouse,False
Underdog Fantasy,https://boards.greenhouse.io/underdogfantasy,Greenhouse,False
Verisk,https://careers.smartrecruiters.com/Verisk,SmartRecruiters,False
Version 1,https://careers.smartrecruiters.com/Version1,SmartRecruiters,False
Veza Technologies Inc.,https://boards.greenhouse.io/veza,Greenhouse,False
Visa,https://careers.smartrecruiters.com/visa,SmartRecruiters,False
Visa,https://careers.smartrecruiters.com/Visa,SmartRecruiters,False
Vitol,https://careers.smartrecruiters.com/Vitol,SmartRecruiters,False
Vuori Inc,https://careers.smartrecruiters.com/VuoriInc,SmartRecruiters,False
Wellmark Inc.,https://careers.smartrecruiters.com/WellmarkInc,SmartRecruiters,False
Western Digital,https://careers.smartrecruiters.com/WesternDigital,SmartRecruiters,False
William Osler Health System,https://careers.smartrecruiters.com/WilliamOslerHealthSystem1,SmartRecruiters,False
American Cybersystems,https://careers.smartrecruiters.com/AmericanCybersystems,SmartRecruiters,False
School in the Square,https://boards.greenhouse.io/schoolinthesquare,Greenhouse,False
Accenture Federal Services,https://boards.greenhouse.io/accenturefederalservices,Greenhouse,False
Elbit Systems of America,https://careers.smartrecruiters.com/ElbitSystemsOfAmerica,SmartRecruiters,False
Figure,https://boards.greenhouse.io/figure,Greenhouse,False
Godolphin Management Co Ltd,https://careers.smartrecruiters.com/Godolphin,SmartRecruiters,False
MasterBrand Cabinets LLC,https://careers.smartrecruiters.com/MasterBrandCabinetsLLC,SmartRecruiters,False
Simpplr,https://boards.greenhouse.io/simpplr,Greenhouse,False
Singular,https://boards.greenhouse.io/singular,Greenhouse,False
Skechers,https://careers.smartrecruiters.com/Skechers1,SmartRecruiters,False
Skyward,https://careers.smartrecruiters.com/Skyward1,SmartRecruiters,False
Snyk,https://boards.greenhouse.io/snyk,Greenhouse,False
WNS Global Services,https://careers.smartrecruiters.com/WNSGlobalServices144,SmartRecruiters,False
Worldwide TechServices,https://careers.smartrecruiters.com/WorldwideTechServices,SmartRecruiters,False
Xplor,https://careers.smartrecruiters.com/Xplor,SmartRecruiters,False
Zeplin,https://boards.greenhouse.io/zeplin,Greenhouse,False
ZILLION TECHNOLOGIES INC,https://careers.smartrecruiters.com/ZILLIONTECHNOLOGIESINC,SmartRecruiters,False
Zip,https://boards.greenhouse.io/zip,Greenhouse,False
Goldbelly,https://boards.greenhouse.io/goldbelly,Greenhouse,False
Cardlytics,https://boards.greenhouse.io/cardlytics,Greenhouse,False
GNC,https://careers.smartrecruiters.com/GNC,SmartRecruiters,True
Systima Technologies,https://jobs.smartrecruiters.com,SmartRecruiters,True
